accuracy	balanced_accuracy	npv	ppv	sensitivity	specificity
0.9973190348525469	0.9973544973544973	0.9945945945945946	1.0	0.9947089947089947	1.0
