accuracy	balanced_accuracy	npv	ppv	sensitivity	specificity
0.9993853718500307	0.9995049504950495	1.0	0.9983818770226537	1.0	0.999009900990099
