accuracy	balanced_accuracy	npv	ppv	sensitivity	specificity
0.9987349778621126	0.9986604147037492	0.9989764585465711	0.9983443708609272	0.9983443708609272	0.9989764585465711
