accuracy	balanced_accuracy	npv	ppv	sensitivity	specificity
0.99875	0.9989939637826961	1.0	0.9967105263157895	1.0	0.9979879275653923
